,T4.19,T4.14,T4.15,T4.16,T4.17,T4.11,T4.12,T6.20,T2..2.5,T5.10,T3.13,T2..6.10,T3.12,T5.9,T5.8,T5.3,T5.2,T5.1,T5.7,T5.6,T5.4,T3.20,T5.20,T2..16.20,T6.16,T6.17,T4.4,T5.19,T5.18,T5.17,T4.2,T5.15,T5.14,T5.13,T5.12,T5.11,T4.3,T2..11.15,T4.1,T4.8,T4.9,T4.21,T4.22,T4.6,T4.7,T6.14,T6.13,T6.10,T6.11,T3.15,T3.14,T3.17,T3.16,T3.10,T6.18,T6.19,T6.4,T6.5,T6.6,T6.7,T6.1,T6.2,T6.3,T6.8,T6.9,T3.9,T3.8,T3.4,T3.6,T3.1,T3.2
T4.19,NA,NA,NA,NA,NA,NA,NA,NA,NA,NA,NA,NA,NA,NA,NA,NA,NA,NA,NA,NA,NA,NA,NA,NA,NA,NA,NA,NA,NA,NA,NA,NA,NA,NA,NA,NA,NA,NA,NA,NA,NA,NA,NA,NA,NA,NA,NA,NA,NA,NA,NA,NA,NA,NA,NA,NA,NA,NA,NA,NA,NA,NA,NA,NA,NA,NA,NA,NA,NA,NA,NA
T4.14,-1.93305551517964,NA,NA,NA,NA,NA,NA,NA,NA,NA,NA,NA,NA,NA,NA,NA,NA,NA,NA,NA,NA,NA,NA,NA,NA,NA,NA,NA,NA,NA,NA,NA,NA,NA,NA,NA,NA,NA,NA,NA,NA,NA,NA,NA,NA,NA,NA,NA,NA,NA,NA,NA,NA,NA,NA,NA,NA,NA,NA,NA,NA,NA,NA,NA,NA,NA,NA,NA,NA,NA,NA
T4.15,0.117590686824217,-3.04542912750253,NA,NA,NA,NA,NA,NA,NA,NA,NA,NA,NA,NA,NA,NA,NA,NA,NA,NA,NA,NA,NA,NA,NA,NA,NA,NA,NA,NA,NA,NA,NA,NA,NA,NA,NA,NA,NA,NA,NA,NA,NA,NA,NA,NA,NA,NA,NA,NA,NA,NA,NA,NA,NA,NA,NA,NA,NA,NA,NA,NA,NA,NA,NA,NA,NA,NA,NA,NA,NA
T4.16,-1.83947637278191,-2.46767648802439,-2.43892875585421,NA,NA,NA,NA,NA,NA,NA,NA,NA,NA,NA,NA,NA,NA,NA,NA,NA,NA,NA,NA,NA,NA,NA,NA,NA,NA,NA,NA,NA,NA,NA,NA,NA,NA,NA,NA,NA,NA,NA,NA,NA,NA,NA,NA,NA,NA,NA,NA,NA,NA,NA,NA,NA,NA,NA,NA,NA,NA,NA,NA,NA,NA,NA,NA,NA,NA,NA,NA
T4.17,-1.65474460696764,-0.389503743923763,-0.78352930646445,-3.46256381212991,NA,NA,NA,NA,NA,NA,NA,NA,NA,NA,NA,NA,NA,NA,NA,NA,NA,NA,NA,NA,NA,NA,NA,NA,NA,NA,NA,NA,NA,NA,NA,NA,NA,NA,NA,NA,NA,NA,NA,NA,NA,NA,NA,NA,NA,NA,NA,NA,NA,NA,NA,NA,NA,NA,NA,NA,NA,NA,NA,NA,NA,NA,NA,NA,NA,NA,NA
T4.11,-1.2182047966516,0.403163663871126,-0.380835089357493,-1.40414773685386,-0.395225483611306,NA,NA,NA,NA,NA,NA,NA,NA,NA,NA,NA,NA,NA,NA,NA,NA,NA,NA,NA,NA,NA,NA,NA,NA,NA,NA,NA,NA,NA,NA,NA,NA,NA,NA,NA,NA,NA,NA,NA,NA,NA,NA,NA,NA,NA,NA,NA,NA,NA,NA,NA,NA,NA,NA,NA,NA,NA,NA,NA,NA,NA,NA,NA,NA,NA,NA
T4.12,-0.746461752313266,-2.04252787599602,-0.858216471485584,-0.363512323193761,-0.147261038230922,-1.6905337641944,NA,NA,NA,NA,NA,NA,NA,NA,NA,NA,NA,NA,NA,NA,NA,NA,NA,NA,NA,NA,NA,NA,NA,NA,NA,NA,NA,NA,NA,NA,NA,NA,NA,NA,NA,NA,NA,NA,NA,NA,NA,NA,NA,NA,NA,NA,NA,NA,NA,NA,NA,NA,NA,NA,NA,NA,NA,NA,NA,NA,NA,NA,NA,NA,NA
T6.20,-0.810088940398504,-0.773282526942107,-0.244125958296239,-0.579513668898354,0.600955774307552,0.958962640514206,0.464517162371965,NA,NA,NA,NA,NA,NA,NA,NA,NA,NA,NA,NA,NA,NA,NA,NA,NA,NA,NA,NA,NA,NA,NA,NA,NA,NA,NA,NA,NA,NA,NA,NA,NA,NA,NA,NA,NA,NA,NA,NA,NA,NA,NA,NA,NA,NA,NA,NA,NA,NA,NA,NA,NA,NA,NA,NA,NA,NA,NA,NA,NA,NA,NA,NA
T2..2.5,-0.58266658392105,-0.320906244696978,0.408632689697565,-0.591588164302968,-0.595520625064842,0.441296686623934,-0.471591889436627,-0.668083805269958,NA,NA,NA,NA,NA,NA,NA,NA,NA,NA,NA,NA,NA,NA,NA,NA,NA,NA,NA,NA,NA,NA,NA,NA,NA,NA,NA,NA,NA,NA,NA,NA,NA,NA,NA,NA,NA,NA,NA,NA,NA,NA,NA,NA,NA,NA,NA,NA,NA,NA,NA,NA,NA,NA,NA,NA,NA,NA,NA,NA,NA,NA,NA
T5.10,-1.41344097755215,-2.69315309850589,-1.75417472033634,-2.75281929264976,-1.15243103489498,-0.629650440066985,0.180110093393835,-2.46496402762583,-1.23165835710899,NA,NA,NA,NA,NA,NA,NA,NA,NA,NA,NA,NA,NA,NA,NA,NA,NA,NA,NA,NA,NA,NA,NA,NA,NA,NA,NA,NA,NA,NA,NA,NA,NA,NA,NA,NA,NA,NA,NA,NA,NA,NA,NA,NA,NA,NA,NA,NA,NA,NA,NA,NA,NA,NA,NA,NA,NA,NA,NA,NA,NA,NA
T3.13,-0.625963957213003,-0.971686692512368,0.26125671430237,-0.446047407991258,0.00270874158779321,-0.318258594884658,-0.142947663633781,-1.23779650376375,0.640914597380388,-1.34480136100352,NA,NA,NA,NA,NA,NA,NA,NA,NA,NA,NA,NA,NA,NA,NA,NA,NA,NA,NA,NA,NA,NA,NA,NA,NA,NA,NA,NA,NA,NA,NA,NA,NA,NA,NA,NA,NA,NA,NA,NA,NA,NA,NA,NA,NA,NA,NA,NA,NA,NA,NA,NA,NA,NA,NA,NA,NA,NA,NA,NA,NA
T2..6.10,-0.643213014998583,-0.458966032159682,0.471585442350601,-0.693899344053957,0.221850123230348,0.434180471478965,0.205006767039636,-0.749134281347972,-0.810216714998565,-1.73965373733778,0.834849270136721,NA,NA,NA,NA,NA,NA,NA,NA,NA,NA,NA,NA,NA,NA,NA,NA,NA,NA,NA,NA,NA,NA,NA,NA,NA,NA,NA,NA,NA,NA,NA,NA,NA,NA,NA,NA,NA,NA,NA,NA,NA,NA,NA,NA,NA,NA,NA,NA,NA,NA,NA,NA,NA,NA,NA,NA,NA,NA,NA,NA
T3.12,-1.52191233397864,-1.3604939722673,-0.837320502630712,-1.2503311136989,-0.659088339175168,-1.27921663864079,0.350691702356216,0.734883842027937,0.668929397989561,-0.278810292257852,-1.1243059590402,2.4845464341364,NA,NA,NA,NA,NA,NA,NA,NA,NA,NA,NA,NA,NA,NA,NA,NA,NA,NA,NA,NA,NA,NA,NA,NA,NA,NA,NA,NA,NA,NA,NA,NA,NA,NA,NA,NA,NA,NA,NA,NA,NA,NA,NA,NA,NA,NA,NA,NA,NA,NA,NA,NA,NA,NA,NA,NA,NA,NA,NA
T5.9,-2.18143622662365,-3.08300999559066,-2.71872326468705,-2.8703559177771,-2.14305787579161,-1.33114539777861,-0.373408207355039,-0.884440056542683,-2.29097890108625,-3.13668217795398,-2.26595521502444,-2.62812615201321,-0.659073446805219,NA,NA,NA,NA,NA,NA,NA,NA,NA,NA,NA,NA,NA,NA,NA,NA,NA,NA,NA,NA,NA,NA,NA,NA,NA,NA,NA,NA,NA,NA,NA,NA,NA,NA,NA,NA,NA,NA,NA,NA,NA,NA,NA,NA,NA,NA,NA,NA,NA,NA,NA,NA,NA,NA,NA,NA,NA,NA
T5.8,-1.09166551045057,-1.59753011610609,-1.48247055118783,-2.27495271142697,-0.498431536821865,-0.439150956992316,0.957315840278601,0.184285341010873,-0.408221591649545,-3.2609894100308,-1.59663791333611,-1.22746698126155,-0.614726584477797,-3.56658582951937,NA,NA,NA,NA,NA,NA,NA,NA,NA,NA,NA,NA,NA,NA,NA,NA,NA,NA,NA,NA,NA,NA,NA,NA,NA,NA,NA,NA,NA,NA,NA,NA,NA,NA,NA,NA,NA,NA,NA,NA,NA,NA,NA,NA,NA,NA,NA,NA,NA,NA,NA,NA,NA,NA,NA,NA,NA
T5.3,0.0836581204638514,-1.3240506603704,0.926857973521378,1.30734811061895,0.75799360258846,0.798591647654541,-0.381725755731894,-0.780048315741394,-0.297492489089458,-4.19146227095971,-0.420872115457848,-0.79338194703843,0.0488939483719973,-4.05509644544058,-3.61341505498976,NA,NA,NA,NA,NA,NA,NA,NA,NA,NA,NA,NA,NA,NA,NA,NA,NA,NA,NA,NA,NA,NA,NA,NA,NA,NA,NA,NA,NA,NA,NA,NA,NA,NA,NA,NA,NA,NA,NA,NA,NA,NA,NA,NA,NA,NA,NA,NA,NA,NA,NA,NA,NA,NA,NA,NA
T5.2,-1.06744662842719,-1.80275610732513,-0.744962979968882,-1.09807931113191,-0.961015354686886,0.391150371727217,0.514107890084219,1.21400329126928,-1.0146646047588,-0.693012583895941,-1.25912548831,0.179642462492574,0.851813741497025,-0.756578692354544,0.392276514608302,-0.768884804275783,NA,NA,NA,NA,NA,NA,NA,NA,NA,NA,NA,NA,NA,NA,NA,NA,NA,NA,NA,NA,NA,NA,NA,NA,NA,NA,NA,NA,NA,NA,NA,NA,NA,NA,NA,NA,NA,NA,NA,NA,NA,NA,NA,NA,NA,NA,NA,NA,NA,NA,NA,NA,NA,NA,NA
T5.1,-1.05560968906638,-1.89163568021007,-0.303724048817761,-0.806937277050548,-0.48445036816895,0.584835013980681,1.21327052499371,0.0589257873461192,-1.34137626419929,-0.765491332159042,-1.27957509337428,-1.15763662047221,0.384838689213797,-1.49125119646277,-1.09646610880099,-4.55979375113744,-0.590170995374091,NA,NA,NA,NA,NA,NA,NA,NA,NA,NA,NA,NA,NA,NA,NA,NA,NA,NA,NA,NA,NA,NA,NA,NA,NA,NA,NA,NA,NA,NA,NA,NA,NA,NA,NA,NA,NA,NA,NA,NA,NA,NA,NA,NA,NA,NA,NA,NA,NA,NA,NA,NA,NA,NA
T5.7,-1.481899972374,-2.20244513725054,-1.60869512742634,-1.83048438114608,-1.19971243753106,-2.01973999314771,0.193978711710078,-1.51395615053414,-1.73470858760303,-3.56711569921374,-0.361253206873983,-0.907003150925616,0.214132086694076,-2.23266959329597,-2.41079333799891,-3.34933525541011,0.11892435994591,-1.03576968432565,NA,NA,NA,NA,NA,NA,NA,NA,NA,NA,NA,NA,NA,NA,NA,NA,NA,NA,NA,NA,NA,NA,NA,NA,NA,NA,NA,NA,NA,NA,NA,NA,NA,NA,NA,NA,NA,NA,NA,NA,NA,NA,NA,NA,NA,NA,NA,NA,NA,NA,NA,NA,NA
T5.6,-1.94326669821034,-0.973582101228894,-1.26320914183551,-1.63025183008849,-1.61339367241839,-0.916604178606528,-0.244812817238175,-0.598719389684986,-1.13487606041223,-1.31273175592745,-0.387932673087419,-1.04268673089019,0.0900993517292673,-1.90813000738567,-0.911389651274764,-0.859636154665624,-2.41390156009565,-1.54711207250986,-0.994185952285995,NA,NA,NA,NA,NA,NA,NA,NA,NA,NA,NA,NA,NA,NA,NA,NA,NA,NA,NA,NA,NA,NA,NA,NA,NA,NA,NA,NA,NA,NA,NA,NA,NA,NA,NA,NA,NA,NA,NA,NA,NA,NA,NA,NA,NA,NA,NA,NA,NA,NA,NA,NA
T5.4,-1.34696297680311,-1.94812672831456,-1.7471278294424,-2.31756648784594,-0.900259700692309,-0.472028752503549,0.946079024357864,-1.59174471726231,-1.03574014588017,-3.58940112808032,-1.57755326346226,-1.56295984990052,0.573205314945323,-2.20522361870812,-3.62006089937403,-4.37306638514584,1.03266815400999,-0.71639885199029,-2.75340471649647,-0.982961837516015,NA,NA,NA,NA,NA,NA,NA,NA,NA,NA,NA,NA,NA,NA,NA,NA,NA,NA,NA,NA,NA,NA,NA,NA,NA,NA,NA,NA,NA,NA,NA,NA,NA,NA,NA,NA,NA,NA,NA,NA,NA,NA,NA,NA,NA,NA,NA,NA,NA,NA,NA
T3.20,-0.693859653453314,-0.755087804549796,0.48192854116778,-0.375588774719824,1.53340691354112,-0.918643189359136,-0.26261903295117,-1.14762505864802,1.49019972975292,-2.04519502821984,0.548297322861363,0.422500928077229,0.676159913682061,-1.9007897728527,-1.61639507477794,-0.576036845407728,0.37812703369764,-0.378831478570695,0.725809370012588,0.321508183940455,-1.43588315623355,NA,NA,NA,NA,NA,NA,NA,NA,NA,NA,NA,NA,NA,NA,NA,NA,NA,NA,NA,NA,NA,NA,NA,NA,NA,NA,NA,NA,NA,NA,NA,NA,NA,NA,NA,NA,NA,NA,NA,NA,NA,NA,NA,NA,NA,NA,NA,NA,NA,NA
T5.20,-2.07191728838929,-2.54050933545851,-2.330635761613,-2.70799532817026,-2.21043107858224,-1.65632108750637,-1.16230017491368,-4.01573270668669,-2.08184536707658,-4.61807430797548,-2.50325676144662,-2.43984691084815,-1.42701739335893,-2.87374437345706,-2.93336805050337,-4.24805645807264,-2.99461212751139,-1.71083418978676,-2.37339426503066,-2.66277082669337,-2.88410815369136,-2.66051550182584,NA,NA,NA,NA,NA,NA,NA,NA,NA,NA,NA,NA,NA,NA,NA,NA,NA,NA,NA,NA,NA,NA,NA,NA,NA,NA,NA,NA,NA,NA,NA,NA,NA,NA,NA,NA,NA,NA,NA,NA,NA,NA,NA,NA,NA,NA,NA,NA,NA
T2..16.20,-1.24011461667117,-1.59329449657211,-0.771922235900504,-0.998870549936483,-0.515460522913269,-0.413513202478934,0.458511953134287,-1.01355019498902,-2.9683590472138,-1.86592001335418,-2.0272575563068,-0.909992468109433,-0.832747267599056,-2.64720797265998,-1.01070759682589,-0.716838028079726,-0.639664761299503,-1.31570593280836,-1.33856037714745,-1.62207670547822,-1.56583281775313,-0.314396626922556,-2.51556402826563,NA,NA,NA,NA,NA,NA,NA,NA,NA,NA,NA,NA,NA,NA,NA,NA,NA,NA,NA,NA,NA,NA,NA,NA,NA,NA,NA,NA,NA,NA,NA,NA,NA,NA,NA,NA,NA,NA,NA,NA,NA,NA,NA,NA,NA,NA,NA,NA
T6.16,-0.735257459042407,-0.431783961820322,0.470261067524444,-0.278823654821668,0.364784099211853,0.899081136954789,0.0534159870845373,-0.508877233746849,-0.702446568586687,-1.30661173383833,-0.761908340037959,-0.443750602074348,0.747058626139317,-0.639550022439108,-0.857156979294736,-0.591314131066177,0.616853807443635,-0.269601893089116,-0.984316437039151,-0.513433891257522,-1.44987360053029,0.135726555915316,-3.36668939394571,-1.30793068762453,NA,NA,NA,NA,NA,NA,NA,NA,NA,NA,NA,NA,NA,NA,NA,NA,NA,NA,NA,NA,NA,NA,NA,NA,NA,NA,NA,NA,NA,NA,NA,NA,NA,NA,NA,NA,NA,NA,NA,NA,NA,NA,NA,NA,NA,NA,NA
T6.17,-1.3115578200862,-1.67014464450582,-1.2435633539725,-2.06503426842889,-2.26475796429091,-0.387442839374315,-0.65527853197319,-2.41383244516108,-0.963243187245399,-3.45115997118618,-1.55225798341388,-1.12330875093791,-0.132612045103065,-2.81768403963753,0.217492784014816,-4.60073987420551,0.253761075332742,-0.628173321322497,-2.91038514304187,-2.39619641809507,-2.71425982339704,-1.94112946811305,-2.89204100284711,-1.23446456757723,-1.37346568666996,NA,NA,NA,NA,NA,NA,NA,NA,NA,NA,NA,NA,NA,NA,NA,NA,NA,NA,NA,NA,NA,NA,NA,NA,NA,NA,NA,NA,NA,NA,NA,NA,NA,NA,NA,NA,NA,NA,NA,NA,NA,NA,NA,NA,NA,NA
T4.4,-1.50571817191548,-1.33864370134826,-1.83419088892655,-1.79387374287506,-2.82109365711939,-0.766191707365231,-0.219250993558598,-0.977479996847645,0.22928578446074,-1.72303723946437,-0.779592294180003,-0.0930469912465244,-2.02815879785883,-2.51951823208354,-1.68708674749946,0.36335691511153,-1.47235790660587,-1.01008254588791,-2.02936745361181,-2.57162013736658,-1.75780236936498,-0.88436887110794,-2.29659241608318,-0.797824345790124,-0.927875190612484,-1.62482398638637,NA,NA,NA,NA,NA,NA,NA,NA,NA,NA,NA,NA,NA,NA,NA,NA,NA,NA,NA,NA,NA,NA,NA,NA,NA,NA,NA,NA,NA,NA,NA,NA,NA,NA,NA,NA,NA,NA,NA,NA,NA,NA,NA,NA,NA
T5.19,-1.30359211142536,-2.35863715494646,-1.53966037988896,-1.90326198034991,-1.23554547271551,-0.324500273925978,0.521254041076316,-1.77516934447965,-1.03133394930492,-2.03398614805382,-1.59042068552103,-2.04923951655791,0.180704128539133,-1.12635280933193,-1.7697526979495,-3.18031424572725,-0.239448593011647,-0.74203119094868,0.0591301197950002,-0.488608845633873,-1.45271966669549,-1.77680149508514,-2.72924802175185,-2.69537933081771,-1.47639342388276,-2.74538317030933,-1.69737874718187,NA,NA,NA,NA,NA,NA,NA,NA,NA,NA,NA,NA,NA,NA,NA,NA,NA,NA,NA,NA,NA,NA,NA,NA,NA,NA,NA,NA,NA,NA,NA,NA,NA,NA,NA,NA,NA,NA,NA,NA,NA,NA,NA,NA
T5.18,-1.08371983694322,-1.43683648466829,-0.0510860308471632,-0.450372722702668,-0.305125327018728,0.834499220113765,0.691868420621069,-0.93737261930676,-0.739818814320758,-1.31536150666978,-0.724922363250678,0.283203025894326,0.661323141870145,-1.84334122319163,-0.17908679432655,-1.12241398046292,-0.54164431313168,-1.25104592402831,-1.35617644535586,-2.26269424649338,-1.25660752236618,-0.549875136173144,-2.02452525736385,-0.639033684344107,-1.19363579600588,-1.35726892657751,-0.900504261480711,-1.07169481515358,NA,NA,NA,NA,NA,NA,NA,NA,NA,NA,NA,NA,NA,NA,NA,NA,NA,NA,NA,NA,NA,NA,NA,NA,NA,NA,NA,NA,NA,NA,NA,NA,NA,NA,NA,NA,NA,NA,NA,NA,NA,NA,NA
T5.17,-1.21237794704043,-1.16656451874745,-1.10012684944227,-1.34031045110261,-1.28220304749878,-0.432235053294495,0.533360495132829,-0.233483818054247,-1.78643411266318,-1.89148593178741,-0.886004430088943,-2.23676297322532,0.21083928272917,-0.347478487810815,-0.841757743394978,-2.4189996494022,-0.993904368254931,-2.38785621703418,-1.37711062113402,-1.55541595983338,-1.69936882553298,-0.207989683511974,-1.53331772286599,-2.93091819560611,-0.353190016782292,-1.86297475815056,-1.24022823219789,0.521787634426092,-1.94580398082129,NA,NA,NA,NA,NA,NA,NA,NA,NA,NA,NA,NA,NA,NA,NA,NA,NA,NA,NA,NA,NA,NA,NA,NA,NA,NA,NA,NA,NA,NA,NA,NA,NA,NA,NA,NA,NA,NA,NA,NA,NA,NA
T4.2,1.20095663962538,-0.473663975593435,1.53976131032151,1.1857056018892,2.21851778605079,1.09321954221304,1.58303405994654,0.997356600956036,1.53501740304705,1.1749833655931,0.189534472493075,0.576791789882491,0.976430269480078,-1.01569745157994,1.19661636732744,4.45174641957144,3.26754155048085,3.59382514065585,0.269040293053078,0.210480125784566,1.14547753711672,0.684160489617473,-1.40101867148301,-0.00839900969822294,2.75151356541518,-0.480763939090911,1.11275557663987,1.11023923231574,1.78122068930102,-0.31100028322649,NA,NA,NA,NA,NA,NA,NA,NA,NA,NA,NA,NA,NA,NA,NA,NA,NA,NA,NA,NA,NA,NA,NA,NA,NA,NA,NA,NA,NA,NA,NA,NA,NA,NA,NA,NA,NA,NA,NA,NA,NA
T5.15,-1.24564384298023,-2.319740584877,-1.30225194729649,-1.70332546289492,-1.07115366066248,-0.0454411434870218,0.200234054132503,-1.79250295617717,-0.790336238615702,-1.85757273819298,-1.82165311137788,-1.99121490301488,-0.0762083982563199,-0.557237274226631,-4.0035535155671,-3.48873783441707,0.0723375973413903,-1.33970392340665,-2.54162055026337,-0.970624256147587,-2.65047139085447,-1.65193789904706,-1.31842999933679,-2.283084509651,-2.01627854937884,-1.42092018459583,-1.36142023906903,0.633327575679108,-0.722365715040344,-1.75242585891037,0.557404239514413,NA,NA,NA,NA,NA,NA,NA,NA,NA,NA,NA,NA,NA,NA,NA,NA,NA,NA,NA,NA,NA,NA,NA,NA,NA,NA,NA,NA,NA,NA,NA,NA,NA,NA,NA,NA,NA,NA,NA,NA
T5.14,-0.872520032983705,-1.95275286100231,-0.552614755504618,-0.165813085801789,0.939153600883505,0.97597773694044,0.668499387041178,-0.376876610750124,-0.76867484715439,-2.31097075601847,-0.512565864716854,-1.01060712712814,0.641248336431611,-2.63721873447974,-0.514973535535646,-0.0513063879379431,1.47670566783336,0.45958952627774,-0.863600910056621,-1.5363116884428,-2.07090693056974,-1.47479831481865,-2.96198088288401,-1.47799211743116,-0.127098496738228,-2.32680286719665,-1.1429473490296,-1.60686680721092,-2.72634686764173,-1.59818071429232,1.60285055742747,-0.683438658322065,NA,NA,NA,NA,NA,NA,NA,NA,NA,NA,NA,NA,NA,NA,NA,NA,NA,NA,NA,NA,NA,NA,NA,NA,NA,NA,NA,NA,NA,NA,NA,NA,NA,NA,NA,NA,NA,NA,NA
T5.13,-1.46479913814099,-2.09430773780743,-1.73973145489776,-2.50177688288856,-1.4130482262328,-0.705117581600251,0.759914925110517,-1.18563430086124,-0.774949173926355,-2.68484722001774,-1.03821663632954,-0.971499116711659,0.0674371220047277,-2.54223921299128,0.80668286306679,-3.5009148033734,0.185617642669787,-0.35679466672255,0.740116863907588,-1.10583623299398,-1.30128417434415,-1.9428797658857,-3.72225105826791,-1.0832821419818,-1.08551791137201,-2.38680714160963,-1.66667256166479,-1.56532093183253,-0.930709444317305,2.65832453134847,0.784533467860198,2.52522483312629,-2.22719899075679,NA,NA,NA,NA,NA,NA,NA,NA,NA,NA,NA,NA,NA,NA,NA,NA,NA,NA,NA,NA,NA,NA,NA,NA,NA,NA,NA,NA,NA,NA,NA,NA,NA,NA,NA,NA,NA,NA
T5.12,-1.83335857281246,-3.42087581504863,-3.31771738914372,-3.2919242882022,-2.1008549579246,-0.492568343735254,-0.154733300160042,-3.32162863269131,-1.84480665220589,-3.94038970689033,-2.90950344526131,-2.12012301456526,-0.0882586962525925,-3.10729877323195,-1.37780796802227,-4.45614609994763,-0.152702672029712,-1.39847499915763,-1.10681936974236,-1.82700955077197,-2.63862381052106,-2.08451401485278,-4.51281423934198,-2.16509371658296,-1.55499089842817,-3.01218502425143,-2.20902388992111,-1.37554276196265,-1.73012875295881,-1.68068287134565,-1.53215189906779,-2.13066485774524,-2.44597972991016,-1.74892777525833,NA,NA,NA,NA,NA,NA,NA,NA,NA,NA,NA,NA,NA,NA,NA,NA,NA,NA,NA,NA,NA,NA,NA,NA,NA,NA,NA,NA,NA,NA,NA,NA,NA,NA,NA,NA,NA
T5.11,-1.3317763870066,-1.22133999258076,-1.19151366514145,-1.34197857526355,-1.16841721903027,-0.534578346235229,-0.011558374072168,-1.76154167308064,-1.70561572453105,-3.66780943297532,-1.87887765691582,-1.9451973954902,-0.509145324914871,-3.46623715289524,-1.96961019178011,-2.4655133085739,-1.00422077282728,-2.48390069228906,-1.57068602997937,-1.66095961840362,-3.39364740005781,-1.92668616293821,-4.33392114818631,-2.36473616090759,-1.34763295068967,-2.43899446915511,-1.25729814855893,-3.04960184829768,-2.22720785539942,-2.83738939137297,-0.378610315244114,-2.38485047058175,-2.12888227005511,-2.42264228994891,-4.31613258749969,NA,NA,NA,NA,NA,NA,NA,NA,NA,NA,NA,NA,NA,NA,NA,NA,NA,NA,NA,NA,NA,NA,NA,NA,NA,NA,NA,NA,NA,NA,NA,NA,NA,NA,NA,NA
T4.3,-2.35006182773374,-2.97926505669831,-2.28284883380645,-2.94964559887594,-2.8417016060232,-3.24739816673965,-1.68711184201918,0.412654742366899,-1.89473030793637,-1.70219386011878,-1.71668230956226,-1.38042041816024,-1.85200215073044,-2.0609661164541,-1.37545945725861,-0.446224355994846,-0.695989153323636,-0.309358271813696,-2.50156471267119,-2.08134804586006,-1.59185094243436,-1.33287374588562,-2.3197438270065,-1.43108486643471,-0.145928545144258,-1.0454182574084,-2.71723823992115,-1.25096191165785,0.196045415789495,-0.859992290152256,0.439458646301069,-0.857721063269085,0.338198063678571,-1.79797408318748,-1.32336889144643,-0.834250842023719,NA,NA,NA,NA,NA,NA,NA,NA,NA,NA,NA,NA,NA,NA,NA,NA,NA,NA,NA,NA,NA,NA,NA,NA,NA,NA,NA,NA,NA,NA,NA,NA,NA,NA,NA
T2..11.15,-0.652875505636145,-0.184699113035493,0.35387974972919,-0.201667780361991,-0.852255933342134,0.0751564204940892,-0.753859492261437,1.10664539974963,-0.085483160651411,-0.22558712416329,0.895942783089595,1.4148174184505,-0.870328374892343,-0.841509047280573,0.13061229668264,0.0220300688051022,0.841045615663235,-0.122650702372983,-1.44371015400568,-1.17976317215337,0.167184951149221,-0.705584975328982,-0.882453358942048,-1.23664132158598,1.16538369387789,0.506021420603473,-0.0642175721246029,-0.255858877238094,0.756297193987586,-0.115690377654779,0.245770403553796,0.17808686314432,0.452360345105908,-0.0477660169183134,0.103993827471606,-0.398641867308828,-1.13583289348922,NA,NA,NA,NA,NA,NA,NA,NA,NA,NA,NA,NA,NA,NA,NA,NA,NA,NA,NA,NA,NA,NA,NA,NA,NA,NA,NA,NA,NA,NA,NA,NA,NA,NA
T4.1,0.461723373776496,-1.41498688616359,1.16035204999569,-0.100395326116275,-0.279060525441015,-0.0132375321431074,-0.397171191782529,0.83885215150189,1.63218017170116,-0.584414170071864,0.848641993963606,0.7401405589569,1.8018975812043,-1.23926992726169,0.350577110180794,1.64799667398414,0.319026354254181,0.722295279986927,-0.445248414972769,-0.828859497708733,-0.135642232112188,2.40555940205081,-1.8226417167825,-0.209286985497863,1.68552519838848,-1.54434353730461,-0.727029555227032,-0.483649594100629,0.165604658841505,-0.573733950852014,-0.0292388228421726,-0.861312685322225,0.183329842684288,0.47492289373697,-2.58945014157797,-0.913057156308422,-0.789806865772779,-0.0527581129411746,NA,NA,NA,NA,NA,NA,NA,NA,NA,NA,NA,NA,NA,NA,NA,NA,NA,NA,NA,NA,NA,NA,NA,NA,NA,NA,NA,NA,NA,NA,NA,NA,NA
T4.8,0.130465701866984,-1.45918216703495,0.367145963153883,1.62411474314152,1.2811433594619,-0.969047096902693,-3.17734614398155,0.324664637927464,0.417219165077495,0.0220925273568602,0.801093977315723,0.132587704215026,1.97429164162932,-0.166641390677971,0.110298870502073,0.628528676781251,0.974198195711658,0.433841385132131,-0.923176272065883,0.223287918931357,0.350600781780528,-0.304810239652796,-0.938245222278778,0.319121399277118,0.246817863472794,-0.321137093819502,-0.839974863155922,0.0342415856337965,0.847842695675634,-0.0366179635865515,1.80373010701351,0.279055462821873,0.702752035043755,0.110150703277563,0.358431335153656,-0.188843928949794,-1.88915648620498,0.3136709343716,-0.119150280357021,NA,NA,NA,NA,NA,NA,NA,NA,NA,NA,NA,NA,NA,NA,NA,NA,NA,NA,NA,NA,NA,NA,NA,NA,NA,NA,NA,NA,NA,NA,NA,NA
T4.9,-3.80922571913824,-2.82893054575563,-1.25186875959413,-2.04438713761389,-1.59735659679572,-3.0455016785629,-1.41547725737345,-0.249995893707252,-0.663849539285449,-2.10456096768321,-1.24703482627005,0.380875037554618,-1.79634239733793,-2.53051037462541,-1.60901090199075,-0.867666814342621,-1.60535547923126,-1.61261748944877,-1.96037342818102,-1.97864412228979,-2.19280843125219,-0.573898161335787,-2.46060348440425,-0.695681498399888,-0.094657538204857,-1.15405296506269,-3.35664012959829,-1.81623630537463,-2.18209967393117,-1.70397385534706,-0.566333721197179,-2.04795351621631,-1.48118411356722,-2.18537341966453,-2.73799007598228,-1.85636185297063,-3.27533558005166,-0.281668859756611,-0.441954193809829,-0.705318889226411,NA,NA,NA,NA,NA,NA,NA,NA,NA,NA,NA,NA,NA,NA,NA,NA,NA,NA,NA,NA,NA,NA,NA,NA,NA,NA,NA,NA,NA,NA,NA
T4.21,-2.11979003401258,-3.00617986088086,-2.33127011856244,-2.60397184679898,-3.19135542641608,-1.87175954049907,-0.840729338805896,0.498932433500609,-1.21009045522867,-1.64102916061377,-0.568054486543187,-0.71341924242967,-1.0752512728319,-1.94584789777089,-1.16615857423762,-0.0477251468275848,-0.487161588021191,-0.205091119847175,-2.30061136704122,-1.74367635164071,-1.44334900409878,-1.1949907795072,-2.15163489982399,-0.734327102100434,0.223938717655475,-0.897753476510554,-1.76859523701272,-1.21532158670155,0.0650951759831291,-0.830134911830684,0.106681654702872,-0.840358808647896,0.175463563768934,-1.64694646275897,-1.4016747838474,-0.936208234810264,-4.81907162543714,-0.379734243041713,-0.986732919743984,-1.3755269858613,-2.33767514763452,NA,NA,NA,NA,NA,NA,NA,NA,NA,NA,NA,NA,NA,NA,NA,NA,NA,NA,NA,NA,NA,NA,NA,NA,NA,NA,NA,NA,NA,NA
T4.22,-0.601683287932359,-1.7653360583439,0.138500960894941,-0.297046294744143,-0.411477148412088,-0.937285824666086,-1.35651545217842,-0.536139866300273,1.02893371489345,-1.8235623762601,0.44017652433035,0.0656027682267213,0.905442684046637,-1.40835188919499,-0.567985317449656,-0.412009919163458,-0.17233341946865,0.391224727251803,-0.263777394701397,0.410421588370855,-0.945243142746218,0.775900043824378,-2.64978433335724,0.913010644543166,-0.38361261446118,-1.66789176907357,0.223151573589718,-0.851040501577133,-1.46428881164462,-0.550135106076202,3.24180175872719,-1.20961632576829,-1.42223311657842,-0.862453209486919,-1.98585272057808,-1.28891795302845,-1.85464653421185,-0.868985112900173,1.34713942733651,-2.19338136916915,-1.6915393665821,-0.805269551405294,NA,NA,NA,NA,NA,NA,NA,NA,NA,NA,NA,NA,NA,NA,NA,NA,NA,NA,NA,NA,NA,NA,NA,NA,NA,NA,NA,NA,NA
T4.6,-2.4997890835273,-1.69841977266979,-1.09446085856216,-2.92510209015206,-3.43097898362185,-0.873845507679826,0.602996745136689,-0.494491465941364,-0.324331591220931,-1.52989345457727,-0.475566571039109,-0.289447091862289,-1.22625529547298,-2.6385893265371,-0.834542349766664,0.598996783122506,-0.420686260832743,-0.211615491092743,-1.47699670154437,-1.27672126704572,-1.58077140203947,0.602016320447005,-2.21685971367779,-1.32521278673988,-0.209105627218183,-1.08465383309968,-3.86859528510011,-1.46130959363899,-0.394228397761148,-1.30417392558261,0.387105844567391,-1.20173997587662,-0.464982993854322,-1.64173411342745,-2.69058695572782,-1.31672599101014,-3.47626301799807,-0.768094100669081,-0.182326366134508,0.245475119234165,-3.61633012488428,-2.92406011544918,-0.0950984149761048,NA,NA,NA,NA,NA,NA,NA,NA,NA,NA,NA,NA,NA,NA,NA,NA,NA,NA,NA,NA,NA,NA,NA,NA,NA,NA,NA,NA
T4.7,-0.776209303563335,-3.23853014780585,-0.887664148741081,-1.27922746837292,-1.7749128151501,-1.6695760890753,-1.26564409183378,-0.421901177154583,-0.779397913824227,-2.24843299135986,-0.558786197710706,-0.227901337850558,-1.4608902396127,-2.72213521255371,-1.53084190042621,-0.204286588241424,-0.201851253206425,-1.37274881960769,-1.16526863403384,-0.544758318526204,-1.86213526079276,0.312722570103414,-2.35457949480747,-0.662895983991629,-0.192961603229815,-1.39757550060489,-1.7129637367608,-1.92381981601418,-0.281798260874013,-1.11420066801919,0.833319101881389,-1.62173520126543,-0.690683154492516,-2.19801102645064,-3.17461484780662,-1.15845908263505,-3.78828104473073,-0.261546963587226,0.158519827150273,0.183894433728441,-3.06294179798008,-2.37924565033255,-0.660614946011182,0.0379849853039123,NA,NA,NA,NA,NA,NA,NA,NA,NA,NA,NA,NA,NA,NA,NA,NA,NA,NA,NA,NA,NA,NA,NA,NA,NA,NA,NA
T6.14,-1.14732901079253,-1.52109496262139,-1.20854210018686,-1.84393062182621,-1.05159770296652,0.219523552379327,-0.565404559825834,-2.29981175963721,-0.93485410746303,-0.978931787432032,-1.92954116510345,-0.443391530462605,0.0747297834527459,-0.33753637654371,1.17209505715251,-1.05306259173211,2.14321636854822,0.941055078197585,0.691687134726873,-1.12532457045786,-1.77877260492815,-1.88266634058406,-1.87197074256711,-0.751179328787522,-2.07341146801155,-3.67081574084322,-1.42379948249037,-0.831056242811155,-1.08613837382873,1.89365172446035,-0.350398053720343,-1.22459977674644,-0.643426735202467,-1.45900910997427,-2.30886430397551,-0.734433557841288,-0.323854324326996,0.827156088887773,-1.39212875947296,-0.022965281404789,-0.752675416567846,-0.187703152241477,-1.92697305680301,-1.02386882488588,-1.17817897310878,NA,NA,NA,NA,NA,NA,NA,NA,NA,NA,NA,NA,NA,NA,NA,NA,NA,NA,NA,NA,NA,NA,NA,NA,NA,NA
T6.13,-1.0052120085047,-1.25747134460741,-0.833740504428786,-1.17468038558176,-1.70373530026107,0.698600846630886,0.191497912715856,-2.35529410849714,-0.871249765864175,-3.82153690022279,-1.79223048731192,-1.24310658046671,0.442462268947447,-2.23340237013281,-1.0854237875922,-3.45209670357882,-0.906651226844722,-1.95845591240383,-3.46475455523287,-1.91840965085877,-2.29749477387989,-1.69484977052355,-4.11435892373988,-1.2583075632287,-0.228912820199438,-3.45853331800567,-1.22508047083557,-2.49657366451302,-1.5714459066955,-2.1597219681727,-0.112137925767459,-1.71443464282479,-1.77316947442168,-1.42723242439097,-4.95302134103336,-2.87666051180121,0.202425747057597,0.890535115187605,-1.54738379738659,0.373698861150595,-0.682603474796852,0.270299480546595,-1.43838306292038,-0.859675003680062,-1.09248994228282,-3.14875484186365,NA,NA,NA,NA,NA,NA,NA,NA,NA,NA,NA,NA,NA,NA,NA,NA,NA,NA,NA,NA,NA,NA,NA,NA,NA
T6.10,-1.56669135551195,-2.40811952667189,-1.86241933144651,-2.22900984550772,-3.31629080530708,0.0264530817759053,-0.0112160925736378,-4.21505051906303,-1.22141429056411,-0.578841165224053,-1.65332425472086,-0.220592498707965,0.101719088460151,-0.365228234882987,1.76594793837118,-1.30927080066895,0.024525998993078,0.599304536232193,0.897213497820315,-1.8618362877962,-1.57520104812505,-1.57077040501696,-1.33623983852938,-0.686434499040981,-3.20580977329869,-2.4140525532827,-1.86114149082777,-0.494193472611026,-1.96257614139869,2.26231813721634,-0.970440927548012,-1.19568014137914,-1.57750085764713,-0.9328458457098,-2.55350052045716,-0.591462565499887,-0.589401462541226,0.704630429056571,-2.17519910142781,-0.041142793222997,-2.08689575288595,-0.683299153828676,-1.60792576577526,-2.08703768885852,-1.64428013938586,-3.31007163774872,-3.95156509891169,NA,NA,NA,NA,NA,NA,NA,NA,NA,NA,NA,NA,NA,NA,NA,NA,NA,NA,NA,NA,NA,NA,NA,NA
T6.11,-1.18937484336709,-2.16202739076702,-1.60458811488546,-2.64012322330537,-2.74278278219364,0.450192552987609,-0.170838074965244,-2.77054987335548,-0.985637872040681,-0.915047586603846,-2.1193374353811,-1.15932311942715,0.268577006507996,-0.416862098231852,1.89333557130852,-0.853422850580404,0.953554126904273,1.06457363450576,0.637084392334297,-1.78586397592855,-1.60323730965169,-2.23177170174206,-1.86947760932229,-1.60241960433003,-1.99891567407716,-3.66857562926685,-1.56309839522012,-0.554798580794837,-2.16333000052143,2.49282940382292,-1.28369438193676,-1.28911324182582,-1.73693813136881,-1.02899446810171,-5.92652347291244,-0.679923093953765,-0.145328965039289,0.983119148179463,-2.22078869157554,0.28000684904112,-1.60150814706313,-0.152982552125374,-2.53287228702034,-1.7344931554568,-1.77252079836951,-2.4518106651504,-3.91491842219825,-4.40505755324662,NA,NA,NA,NA,NA,NA,NA,NA,NA,NA,NA,NA,NA,NA,NA,NA,NA,NA,NA,NA,NA,NA,NA
T3.15,-0.435239155543746,-0.111385371347311,0.0863024898261265,-0.193566676032593,-0.438103751620911,2.55063459459122,0.604641435011081,1.22332083694202,1.34019835407569,0.785762960931728,0.219485022152481,3.44305517087019,-1.37052987681607,-0.727435289856178,0.819632955946029,0.904952861669185,2.9443520640225,-0.35915249023366,0.975410916852316,0.519661082220651,0.81661381819969,2.11367575438379,-0.414488219225123,-0.773815894629953,1.08254298599894,0.517785843054871,0.706839007386617,0.537562127286321,1.94135923683336,0.055905938178316,-0.471437065991306,0.571108963470828,0.82682056805865,1.09011643067769,-1.09713307538779,0.491463057203813,-0.510773666843453,0.861667408450851,-0.223771322782978,1.59568294337684,0.468590534102183,0.364516720364631,0.477437273912214,-0.499157865058087,0.282268409794414,-0.898969277899717,-0.918350599636701,-0.425035930167454,-0.601500769326884,NA,NA,NA,NA,NA,NA,NA,NA,NA,NA,NA,NA,NA,NA,NA,NA,NA,NA,NA,NA,NA,NA
T3.14,-0.873467484245278,-0.958802362590472,0.150244632414289,-0.368177338957257,-0.665864470733394,0.622917412614711,0.0980918392903769,-0.657525876111993,0.497101033136491,-0.748080887685196,-0.568227852087313,2.148271656595,-1.89565877671834,-1.95855070992604,-0.922284904980306,-0.208533958487305,0.355818387828359,-1.64432797848966,-1.13263927856732,-0.698684746559835,-0.997791302295384,2.06044013688413,-2.24181904098829,-2.9177098703834,-0.66743247731864,-1.13772833261899,0.0457311417180319,-0.720537174948702,-0.0312699135379,-1.37106226761264,0.730384354000884,-0.960519988672925,-0.368770672911119,-0.355849848740294,-2.49297938338298,-1.14200415260909,-1.11340290145296,-2.00908598278488,1.41447772565393,2.37752617003998,-0.946335691036519,-0.131658854798769,0.391200875398709,-1.17620045195699,-0.388661563426825,-1.48196313978971,-1.3514892783545,-1.78633295343177,-1.63668675217339,-1.40765340004202,NA,NA,NA,NA,NA,NA,NA,NA,NA,NA,NA,NA,NA,NA,NA,NA,NA,NA,NA,NA,NA
T3.17,-0.00193346478014513,-0.778502020816362,0.0256056294919776,-0.509687628020034,0.176471600149506,0.981204062461946,-0.59757415840168,-1.06509210335332,1.46103582544388,-1.23697041704647,-1.31894922593332,0.85497989324739,-1.44236555915504,-2.22904254605679,-0.456700050573552,-0.815710409185136,-1.28295807323419,-1.75068485299703,-1.23722269661985,-0.373296756437489,-0.777930098119368,1.32091273957076,-2.41414382509235,-1.98434433589197,-0.586424268595713,-1.9753332589253,-0.235065897612309,-0.885377897215551,-1.49162176192507,-1.87914854356204,0.806499369797505,-0.928951281185153,-1.5643933480088,-0.58251813916099,-2.341439103999,-1.77219787627048,-1.01172971751042,-1.88343334858571,0.806537898161824,1.17640060036951,-0.595765752773282,-0.124940204773219,-0.170137146889302,-0.210253636944658,-0.709894507737291,-1.59831757759538,-2.49447876460687,-3.09263472035126,-2.19382800154857,-0.820587433457834,-2.51038876488263,NA,NA,NA,NA,NA,NA,NA,NA,NA,NA,NA,NA,NA,NA,NA,NA,NA,NA,NA,NA
T3.16,-0.297899872091604,-1.37745150081105,-0.179365869146076,-0.603602723250349,0.202241591592196,-0.0207713403651155,-0.868036769674744,-0.899359853849133,-2.13380563592182,-1.42901212657159,-1.78880794250608,0.481786268195694,-1.60145746300619,-2.08813863494824,-0.924071697752284,-1.78529321486139,-2.15261464246524,-2.27423367896475,-1.4383153810765,-0.766882485497164,-1.36632793534332,0.835389452745732,-2.47272501259183,-2.56636227571037,-0.974554627297379,-1.01081168888006,0.0269209637676418,-1.39174537250764,-0.746540096362816,-1.80552038886141,-0.257946490399255,-1.08066529318595,-1.94171162144616,-0.69411923683874,-2.99517319897248,-1.74670014319574,-1.30173692704781,-1.99129320791646,0.199884149337651,1.41646941959307,-0.665434758577795,-0.379646877351226,-0.107702307950176,-0.862548866617208,-1.18343165265356,-1.37410835365647,-1.18868759878556,-1.70722642770006,-1.36840173579105,-1.13969026071462,-1.63982427520946,-4.36061419031766,NA,NA,NA,NA,NA,NA,NA,NA,NA,NA,NA,NA,NA,NA,NA,NA,NA,NA,NA
T3.10,-0.852107282830616,-0.297897177682099,-0.304737802155553,-0.62861974897658,-0.50849037139449,1.41698676355165,-0.74589515600167,-1.75899931994195,1.02389276307074,-2.35078985501258,0.624422946814582,1.1698193959442,-0.619256001532532,-3.14822576162607,-2.8242436749423,-1.13404555398011,-1.41650802409351,-2.52176651781137,-2.05915893177187,-1.13245999941267,-2.58174549844727,0.80248894333814,-2.69881705217306,-2.46914397497041,-1.32675156416316,-3.33330759589644,0.161749455132301,-1.63972385459201,-0.280511349379705,-1.3475823371452,1.39012588191508,-1.98926613574117,-0.497321107800153,-2.06631635329159,-3.57578728965883,-1.29930773110029,-1.54536351087095,1.88330129609278,1.42112798896476,1.23255683063172,-0.663479363041769,-0.376721685119027,-0.233234249608566,0.53277258779988,-0.0746742724725725,-2.5101216779843,-3.28025814814162,-2.41007600758607,-3.07010986561708,-0.935137921933167,-2.00988003148773,-2.42874325790339,-0.881957368398785,NA,NA,NA,NA,NA,NA,NA,NA,NA,NA,NA,NA,NA,NA,NA,NA,NA,NA
T6.18,-1.36034124756227,-2.26915543267567,-1.92406600682224,-2.88710960110746,-3.25207672021361,0.117748605911235,-0.0347491840402226,-3.57016452039445,-1.19788973849272,-0.909095705620148,-2.25762852846268,-1.29724599903373,0.144008237680044,-0.42238942770307,1.68862161292519,-1.509672349321,-0.0115526362139727,0.505535850139797,0.428910064248801,-2.05821695767771,-1.80231607859906,-1.99828199848181,-1.83991441166053,-1.80243284990784,-3.46908032590498,-2.90840980638765,-1.80066702786956,-0.876059466086463,-1.68828720724539,2.57727037009272,-1.44419930460339,-1.15867508371739,-1.84892186333397,-1.42797438430518,-5.62263581776214,-0.765805770613189,-0.487315912285414,0.745223636413258,-2.52841767625865,0.167938007133378,-1.76725379781721,-0.440616012270227,-2.18040408486616,-1.99295149996867,-2.08988277414004,-2.88857648063742,-4.09317594074497,-4.49978082240396,-2.64440236096031,-2.36571884457047,-2.24422394564457,-3.31531039897502,-1.78614580745758,-4.67826454482395,NA,NA,NA,NA,NA,NA,NA,NA,NA,NA,NA,NA,NA,NA,NA,NA,NA
T6.19,-0.952637634192751,-0.497735384642649,-0.638210381226925,-1.29399976734621,-1.86356570004743,0.719408931929751,0.293668752133415,-0.995477706467394,-0.724246354281838,-1.77803566000923,-1.241946310234,-0.788314141343229,0.531364843168869,-0.568787863028364,0.373319239710876,-0.696609495084864,0.514058482684256,0.606738720781904,-1.38499979663609,-1.64718665970387,-1.55186495940395,-1.10225506883095,-3.17137652325954,-0.950881084555847,-3.13581880061826,-0.913029658198524,-1.22163121136878,-1.24755911105159,-1.87777631845949,-0.165490840309198,0.15149353671224,-1.48565826747605,-0.660347764982772,-0.619288081198441,-1.99505751092209,-2.13831920875954,0.254577066092446,1.07639073305911,-0.483176106575848,0.341201047970442,-0.747873095465358,0.271662945368645,-1.15241613982454,-0.841458169778995,-0.967411773139188,-1.10729146575103,-0.708529907043481,-3.64642998926397,-1.87638855420932,0.760456033694107,-0.948366104224849,-1.36198515917408,-0.862977141420828,-2.81589420724013,-3.04704753618382,NA,NA,NA,NA,NA,NA,NA,NA,NA,NA,NA,NA,NA,NA,NA,NA
T6.4,-1.68619342219527,-2.29399636346395,-2.01588479324551,-2.65066629250019,-2.59589008915606,-0.271807760827873,-0.375218247584693,-3.81409647345501,-1.35037521071985,-1.47433840619025,-2.11834692723676,-1.16175719365701,-0.120115304723209,-0.872431571743418,1.18700467656827,-3.49828087100893,-0.724669546916001,-1.00676711441921,-0.623208277328299,-2.11762576192918,-1.89027850061447,-1.72712063520975,-1.79103463221306,-1.84287492161503,-2.93065904955031,-3.76075429654506,-1.94030346712948,-1.06340122870193,-2.54110651303793,1.80097769645642,-0.120198599508392,-1.37222740772064,-2.89021941599126,-1.27795137040027,-5.28896495518487,-0.754062229124235,-1.07545195586145,0.40951155095788,-1.32876583056744,-0.203475284475214,-2.17601644233156,-0.932908241638426,-2.12107969674357,-2.1175051320363,-2.3830425218536,-2.70001556707787,-3.91466789023668,-1.74376462994155,-1.96077611487658,0.236988483374008,-2.28308811801323,-2.36049994348659,-2.67788986841304,-3.33952705573689,-3.4499281370419,-2.81911065908448,NA,NA,NA,NA,NA,NA,NA,NA,NA,NA,NA,NA,NA,NA,NA
T6.5,-0.974135833975251,-1.22658598108122,-0.0607081216218307,-0.303452970296685,-0.983276699677925,0.740262345720455,-0.265012114076181,-0.623620336549047,-0.973533258714439,-2.31219007614296,-0.22943242659658,-0.66014298311623,0.979621295481044,-2.36544966483442,-1.51720758896428,-1.17881400248211,-1.16125413155233,-1.69973200362435,-2.32342360288077,-1.58573632269563,-2.24903131030762,0.860011512175247,-3.54592782382686,-1.3251457777017,-1.01880983817491,-2.23236867450372,-0.958222107868725,-1.42572421594872,-1.97684178899757,-1.68714520598033,1.62086596021743,-2.29130247195581,-0.315744917905257,-2.02857003887365,-2.81242915726832,-2.1536840000612,-0.190659729065322,1.01068804813788,0.537632048808985,0.117040302684925,-0.692134888224871,-0.00330405191823706,-0.479644112575627,-0.606431626088699,-0.72612450315198,-1.87267078897663,-1.51588147586992,-4.0863215249662,-3.37776672288856,0.876152905003137,-0.257931630926103,-0.704043789254783,-0.972972599491721,-0.680450016559375,-3.83062183381016,-3.31367801432756,-3.65732516138668,NA,NA,NA,NA,NA,NA,NA,NA,NA,NA,NA,NA,NA,NA
T6.6,-1.93247982558621,-1.69809593339884,-1.21237294274841,-1.91088235262029,-2.68280652128866,-1.0833262819806,-1.73364175112301,-3.72253745251245,-1.16991902051658,-1.48491782107911,-1.59911573856942,-1.06182728292764,-1.39462277227947,-1.34680103939242,0.100013794432588,-3.08035344908402,-1.83281349650282,-1.69348302949043,-1.96682771602367,-2.76782918467475,-1.47441096560577,-1.8338099118333,-1.62459444236233,-1.07661744936281,-3.79334315055622,-0.959765819936726,-1.8872098839504,-0.631567002185035,-1.78616742689954,-0.691509309070039,0.386789574260428,-1.66423202778905,-1.24397944477816,-0.830678675315452,-1.89049834115561,-2.03671675827912,-1.93900538081325,-0.117196545420628,-1.02688359841796,-1.31910390776834,-1.29401820445186,-2.32908566763009,-1.83075504699685,-1.14923336303048,-1.44924577213825,-2.62490026118473,-2.85012349710451,-2.23481236975092,-2.55136889547378,0.0693791758024231,-1.52549480276528,-2.89307633442851,-1.36805518924967,-2.96967678587756,-2.41524006661703,-3.78719281271339,-1.03317742685096,-3.41289781338841,NA,NA,NA,NA,NA,NA,NA,NA,NA,NA,NA,NA,NA
T6.7,-2.23739335796553,-2.48927843675273,-1.80368942742641,-2.54468730528968,-2.99867076349623,-1.29673900487024,-0.427218424026075,-3.35771940843347,-1.54244986809051,-3.987138378125,-1.31162988595666,-1.276986407817,-0.614844601009332,-3.06842900642813,-0.211623720989412,-4.13718977704451,-0.335467632899826,-1.93289381413766,-4.30714367904783,-1.78475009019367,-1.39254567671018,-0.861050914724526,-2.90112215880606,-1.55439499866127,-2.00789639301131,-2.85884229485627,-2.16142524914168,-2.09837514321251,-0.837482767223324,-2.4925792153519,-0.356307600283333,-1.68847922146404,-0.374208114585619,-1.39657646771432,-2.98418481711489,-2.72302773626357,-2.10532309721332,-0.180774197282791,-1.09317356580711,-0.913129324716771,-1.87608780606282,-2.18854543950938,-0.940588135785324,-1.75085168380309,-1.59091504478694,-3.32401713740787,-3.70474109980919,-4.78779050519671,-3.63726667901729,0.100775791289401,-2.19706361178606,-2.39066814333825,-1.89579100716696,-3.22540907653812,-3.65505483662513,-2.23207265769029,-2.78966674698488,-2.67255717906917,-2.76296385361299,NA,NA,NA,NA,NA,NA,NA,NA,NA,NA,NA,NA
T6.1,-1.48353144987422,-2.90002193382173,-1.79004908213943,-2.71780705477494,-1.8735955888844,-0.198137043577269,-0.355028545133458,-2.14379762290445,-1.32674106490935,-1.11366105226047,-2.46689864553587,-1.75025441909731,-0.316132914928772,-0.682092421278065,1.95909874310747,-2.19268217314574,-0.0747640480523539,0.913127834685221,0.590235157106038,-1.98907550324273,-1.68593786654609,-2.26485435449238,-1.54658299288583,-2.33370706769808,-1.3337845744464,-2.17319951165459,-1.9855750024098,-0.506976849746519,-2.21665124400018,2.05904009329428,-0.0943173968875138,-1.19789760137252,-2.19366058893977,-1.03269148890535,-5.44006247805593,-0.918288154798672,-1.08396963047631,0.478402821237376,-1.64896121410628,-0.00851172802823932,-1.46886975660829,-0.925779427405144,-2.26522557759936,-1.8327965041117,-2.10822340579759,-1.86315835743767,-3.55810501371141,-3.3949721761416,-3.55685473574172,-0.822581217850861,-2.49056979922592,-2.26026624070687,-2.68236119173312,-4.1213300458137,-4.63610001801067,-1.18177422547153,-1.98963023129142,-2.99791238398593,-1.12453122109286,-3.84260167565477,NA,NA,NA,NA,NA,NA,NA,NA,NA,NA,NA
T6.2,-1.18845701199152,-1.8957851863747,-1.07667193835246,-1.65672407259103,-0.901991495150733,0.554067810880338,0.368887628660541,-1.4105519779921,-0.965096851638008,-0.553681480651742,-1.73703362569699,-0.737769773052814,0.402117576659183,-0.222899342987672,2.15346408930031,0.700889189315023,4.33048578807071,2.26937687389758,1.33085586796033,-0.305777981171528,-1.5646843588058,-1.21417752186068,-1.65325312260676,-1.75352759700871,0.152934377259,-2.95187417412782,-1.50695075940759,-0.630055353808021,-1.75435332501209,2.200689369195,0.838701619257126,-1.14150158888258,-0.483043304944629,-1.04679812533571,-5.17942201550329,-0.681302620909953,-0.232261122240269,1.1648067975613,-0.223056773971862,0.244276612757452,-1.36298218262793,-0.220318543676195,-0.887129971655833,-1.36832114444251,-1.10357563904641,-1.94283635869663,-3.26957856344643,-4.025998710134,-3.41029053752525,-0.754584198968323,-1.70205434347783,-1.58181471833454,-1.92249740155082,-2.72032682977828,-3.74716855122552,-1.14090278550599,-3.32724818150366,-2.48707247495249,-1.48672878237231,-3.54373131895564,-2.70599124282866,NA,NA,NA,NA,NA,NA,NA,NA,NA,NA
T6.3,-1.26175701021504,-1.27873091091826,-1.15428261615182,-2.12692565620406,-1.62244769886581,0.35373681078134,-0.45727148358247,-1.66972938149909,-0.767992751052377,-0.383742281623257,-1.5810838129495,-0.346240860435562,0.333737913836241,0.146983995564048,2.22647713293833,0.72496898577153,2.91014345422099,1.99501853634456,1.51827560645064,-0.949766938892991,-1.51181271786811,-1.69142044908032,-1.36523694428168,-1.15272909962455,-1.28945488344043,-3.20090944662533,-1.68739750692924,-0.126780128504033,-1.80457345892373,2.83265444968823,-0.447955793571017,-1.12556275546491,-0.560162847511983,-0.914746729910926,-5.60855163236472,-0.107432711577566,-0.357565917029693,1.19794416789166,-1.05218059641292,0.0619576661316842,-1.64960886580887,-0.339403408583229,-2.42185046564671,-1.4146816716101,-1.60954035621086,-1.93177548929894,-2.95211615550468,-3.28778260255039,-3.00680172026781,1.02828925254813,-1.10953351438745,-0.838816185124607,-0.843634578644972,-2.68680336905653,-2.55306852993845,-1.70153048922818,-2.84196368571649,-2.8799209688124,-2.14757379034148,-3.25945733000188,-2.36379060033102,-2.61228713430118,NA,NA,NA,NA,NA,NA,NA,NA,NA
T6.8,-1.17136235980427,-1.38163156918906,-0.853115878127206,-1.42866581886639,-0.925522070097654,0.689402677179152,-0.376085790578208,-1.21540811467988,-1.11358048874503,-2.85435029374637,-1.7967763120766,-1.48540712029178,0.270172187647438,-1.57931227004186,-0.384564402866591,-1.64611888092754,0.0226870626738915,-2.14557618429671,-2.96530943832657,-2.1864510431879,-2.24527217664706,-1.53076958116943,-3.94314110463356,-1.75992667653682,-0.142956731706528,-1.8991061102665,-1.44353829161868,-1.74234744293441,-1.94879715555055,-1.27183869143796,0.551905060129119,-2.09702331282231,-2.57144706740051,-2.4394339591759,-3.54102598289933,-3.22635009405296,0.135468946018725,0.84563517831694,-1.08351337560447,-0.0340297662212408,-1.09387157623833,0.0649689696213493,-2.17596945131838,-1.16060209422289,-1.58007521925055,-2.85780656458427,-3.06354647615889,-3.72984662456436,-3.56655230877567,-0.336462004676612,-1.95986750705781,-2.54806809300869,-2.07629242141169,-2.44776482056803,-4.24870622737495,-0.625143604481571,-3.03119228240938,-1.63085004328226,-3.56721564195208,-3.1205439523132,-1.65634630108504,-3.99410323975277,-2.1088781166717,NA,NA,NA,NA,NA,NA,NA,NA
T6.9,-1.31437383628123,-1.56950488607193,-1.32491512465265,-1.74300740567914,-1.58187078202413,0.236592354384744,0.286667871505488,-1.92045813841761,-1.11646887580691,-1.17762933210325,-1.35978185065454,-1.00575210019132,0.510299298620019,-0.750723273185574,1.38996091665296,-1.43515245167347,2.31089713453651,0.924981538268072,0.33000044039213,-1.70106803484885,-1.77002026451049,-0.873849620424305,-1.58164691162542,-1.48562408951715,-0.842280168021532,-2.72513498203281,-1.54167913030546,-0.7073503266459,-1.76925542184069,1.76960801198404,-0.212285479665429,-1.29196016636669,-1.54151923076849,-0.870052822931611,-4.41632245833616,-0.956876627620046,-0.402689157782475,0.753984928184423,-0.708283724085539,0.172652444004176,-1.63121819676918,-0.350480649249009,-1.14832406157228,-1.44921376856956,-1.54774018464092,-2.55644489511719,-3.08110809373497,-3.64741906752786,-4.76526619310787,0.323794371249755,-1.4131576785658,-1.70966944885816,-1.57726252996052,-2.84072315632142,-4.1898511819245,-1.44596944986554,-2.38510310175831,-2.48011214690316,-1.74557825333167,-3.76281006763836,-2.83559399753574,-3.64852311100738,-2.72584659659122,-4.58302650166411,NA,NA,NA,NA,NA,NA,NA
T3.9,0.111785144713002,0.308281996130727,0.708209541401819,0.351378130365744,0.163358506845927,0.0346661280670626,-0.596760038336609,1.02316679014438,0.47670440611524,1.07561726989858,0.074902588511896,0.80270840404889,0.517256208512084,0.166119326529027,0.610838320380388,1.26911865463222,2.44040110863114,0.43556946244222,0.74247378097898,-0.254291488630334,0.632605032046237,0.330108465128668,0.274846308008805,-0.716420028322448,1.25852179706673,0.45470040766615,0.163787322864865,0.543430168792561,1.05150740591658,0.955528817161247,-0.113183269448672,0.648320488380832,0.409248986071326,0.509705164731022,-0.201608543474013,0.594455464337325,-0.859426366025593,1.02160724412282,-0.126851218213462,-0.222728697503367,0.281058363549253,-0.190645596899739,-0.689737414181477,0.509626716307212,0.364763501347947,0.533746279284873,0.63097432269267,0.504174500675308,0.752094259920751,-1.53481487368194,1.38966408839305,1.90575022419194,1.38587596798123,2.00223195870806,0.358535910706663,0.96866942639634,0.686530187982046,0.806945488996384,0.162211960224112,0.144890716731034,0.648643599714333,0.863545882429233,1.03335187752188,0.554508991971089,0.633212934323576,NA,NA,NA,NA,NA,NA
T3.8,-0.511311910088515,-1.43368034642029,-0.280674420813685,-1.15875432019758,-0.493358457837691,-0.460762391085328,-0.568865779651982,-0.737529253402658,-0.695713258509634,-1.95679752137307,-0.600987223719935,0.454481449484592,-1.79959225016446,-3.11925518747731,-2.31339010409034,-0.916577280559093,-1.54974227972582,-2.22977392442632,-1.64996336914206,-0.783891102486937,-2.0708204011763,1.89601608210614,-2.80237258726697,-1.61986741522094,-0.946727085083422,-1.4676384601837,-1.4401052128543,-1.56037974177317,-0.690636046979766,-1.50886274002074,0.734768231674142,-2.10003959254265,-0.750849812736415,-1.50201171323078,-3.34926124509834,-1.81691871219503,-1.49754917792707,-0.251212630969529,0.901164256503487,0.53012321253794,-1.42437062435203,-0.819931247931597,0.0316300711365275,-1.13074609493807,-1.10392037080406,-1.13838717305653,-1.40679109313539,-1.38799958751076,-1.20899053911424,-0.965098929814549,-1.51781445725141,-1.18898260267819,-0.190824915621211,0.49182737731475,-1.82565915124852,-0.698854947915311,-2.18016281663254,-1.30268370219986,-1.40891297678627,-1.82978257846937,-2.44340822936995,-0.638729634903469,-0.496248059221764,-1.23483882546507,-1.01896699383884,0.928041873079076,NA,NA,NA,NA,NA
T3.4,-0.874543120286515,-0.381691150618977,0.797654062033657,-0.708702117231077,0.39783772067099,-0.0943244844206074,-0.271280307348943,0.192980452373405,-0.261726436296879,-1.0951170582331,-1.00403934256538,-0.512717009753542,-1.71956474105606,-1.05792822601764,-0.610906296730936,-0.837739012160251,0.649337983863748,-0.655783877841905,-0.583527000193173,0.210075540641395,0.212604044619723,1.37025395720549,-1.70940518033369,-1.52450481968069,0.471782745272594,-0.739489412385335,-1.37963145528421,-0.707868056987499,-0.516731287559772,-0.196970532875986,1.38273288625134,-0.69991362488183,-0.454556845353751,-0.0069445924038898,-0.558369202587373,-1.08265003357828,-1.52967023667795,-1.45644632652499,1.1423517119339,-0.510374780233145,-1.11272718488303,-0.479146929207114,0.735709350447549,-0.701045402528041,-1.053323130527,-0.265671874504478,-0.0362054538143746,-0.494400357307912,-0.0604485555623165,2.03881114521112,0.657134492219546,-0.423910254486388,-2.76582812189601,0.442173255372854,-0.19013876131803,0.340130865576564,-0.515564259885686,-0.22809014138288,-1.4732940265687,-1.26605962938512,-0.877425515188391,-0.200818619179032,0.0198798339923632,-0.138814420379345,-0.0286754511625638,0.495033459226632,-1.47224460431555,NA,NA,NA,NA
T3.6,-0.215400689686296,0.0508200384741922,1.23466494825968,-0.805181014709401,0.619475823297525,-1.13940560675537,-1.20029133608911,0.1092829333257,-1.69337807952326,-0.809098650141842,-0.0325801046933226,0.138879857339693,-1.61689109160057,-1.32358164219627,-1.73962464665948,0.10809114579319,0.0768295326320581,-0.769631941187763,-2.19983686931445,-1.12914597625301,-0.579736528691084,1.38376772895287,-2.04012922045045,-2.49114203022943,0.861976054932961,-1.04687744501297,-1.90743104137372,-0.741560986611577,-0.175908273034675,-0.622093282872517,1.57777783720484,-0.953814567113354,0.111689224086475,-0.583165958357026,-1.21772102204015,-1.23677301885596,-1.11930636438885,-1.06108489819971,0.721646540956094,0.570581899877244,0.352638950177982,0.274590446512919,0.572622665785393,0.554961570403703,-0.493041081569285,-0.665529618668192,-0.20151465919172,-0.729353362697044,-0.341429748924591,-0.729388101778336,-0.604153515177455,-0.85561321069944,-1.4090652406813,-1.33736963159366,-0.604966175323775,0.14098733329253,-1.11077377854749,0.533157741990703,-1.75536357570304,-1.58638691339853,-1.15414961550742,-0.36816558501538,-0.649027704863057,-0.197006748076824,-0.523440548536798,0.0105661077582967,-1.50013685337367,-1.75675499487042,NA,NA,NA
T3.1,-0.347735348042377,-0.762148084632952,0.188111391063706,-0.37899239821732,-0.0616963941609881,0.695121381239799,-0.185494510397213,-1.0405019085884,0.665737443418375,-1.58233496063237,-0.81493844300395,0.691593943761661,-1.3074761267863,-2.49618837830708,-1.48997814826209,-0.916519076982265,-1.48263400771226,-0.98852712287527,-1.0496889109664,0.0451669476673216,-1.19602480116418,1.66105658435978,-2.60150369612477,-2.15228290633406,-0.652580833735386,-1.48917773765512,-0.0795997655989885,-1.18135263696342,-0.236619987887957,-1.42975312179829,0.0587001053770159,-1.77617713047883,-0.204171286734174,-0.532957711972543,-2.85618444067522,-1.66532331743465,-0.777463701651365,0.370642807861351,1.25980466438654,1.89475457826692,-0.3899021075625,-0.0887112481608502,0.548743516123676,-0.362399337220513,-0.460833821313288,-1.22665527182811,-1.53489550040154,-1.51749775380805,-1.36540585406022,-0.876088915637758,-0.544270092593266,-2.0446913179764,-2.38450926743735,-0.361962847144305,-1.77135511882871,-0.830750004304385,-2.21320637272242,-0.766788330657432,-1.67688381262968,-1.59868795938408,-2.20488503057718,-1.01813447546231,-0.383338762294899,-1.28311670695428,-1.26442152140621,1.62780027179128,-1.2399514326478,-0.975204721903821,0.10193577270206,NA,NA
T3.2,-0.540700390038723,-1.12383789786046,0.0381205231836506,-1.08230994847337,-0.871769674635981,0.26488622413187,-1.06909902969791,0.363306127436204,-1.43189942319674,-1.67458243893592,-0.82575623314877,0.31853266601461,-1.29707493302141,-1.74338260357132,-0.517660636177167,-1.71464316038435,-1.04675811900177,-1.44308246522275,-1.83124190520184,-0.719926338749814,-0.636457296595826,0.678704882374486,-2.07893231888541,-1.38766487021237,-0.0322016403271657,-0.299720921893713,-0.727250357758393,-1.30515261476801,-0.823047227002871,-0.798346905053979,0.679296910613442,-1.06144747421406,-1.17260825906601,-0.959702177638494,-0.960973733381791,-1.25605096991855,-1.12295324709301,-1.87738960102688,0.0219486512332009,-0.109553905261696,-1.28933682969952,-0.0330425976274254,-0.882457129173098,-0.922773075348755,-0.857954049762027,0.10732487837781,0.306885683401494,-0.423558203113828,0.368827642859337,-1.47553273738882,-2.17831007977807,-1.93021052864969,-3.3801121205049,-0.843273107616773,0.0896077956275715,0.721687044189904,-0.581917268572268,-0.512655286536921,-2.02268484359764,-1.78657345719642,-0.849165326649261,0.0414414975311676,0.523548608443666,-0.0312233589444709,0.191079405346627,1.44024158482758,-1.26294738029055,-1.87544375117244,-2.79600103579613,-0.775519602408612,NA
